{"estimate": 8.6, "confidence_interval": [6.987198525339087, 10.212801474660912], "confidence_interval_lenght": 1.612801474660913, "number_of_simulation": 5}