{"estimate": 28.7, "confidence_interval": [26.501956534581392, 30.898043465418606], "confidence_interval_lenght": 2.1980434654186065, "number_of_simulation": 50}