{
    "estimate": 28.22,
    "confidence_interval": [
        26.143472581900372,
        30.296527418099625
    ],
    "confidence_interval_lenght": 2.0765274180996265,
    "number_of_simulation": 50
}