{"estimate": 28.44, "confidence_interval": [26.830577606859226, 30.049422393140777], "confidence_interval_lenght": 1.609422393140777, "number_of_simulation": 50}