{"estimate": 37.88, "confidence_interval": [35.64437082286508, 40.11562917713493], "confidence_interval_lenght": 2.2356291771349257, "number_of_simulation": 50}