{"estimate": 29.36, "confidence_interval": [27.533267887201163, 31.186732112798836], "confidence_interval_lenght": 1.8267321127988356, "number_of_simulation": 50}