{"estimate": 24.58, "confidence_interval": [21.507839274487566, 27.65216072551243], "confidence_interval_lenght": 3.072160725512431, "number_of_simulation": 50}