{"estimate": 38.04, "confidence_interval": [35.390595377067235, 40.68940462293276], "confidence_interval_lenght": 2.6494046229327624, "number_of_simulation": 50}