{"estimate": 11.8, "confidence_interval": [8.240998979070028, 15.359001020929973], "confidence_interval_lenght": 3.559001020929973, "number_of_simulation": 50}