{"estimate": 10.98, "confidence_interval": [8.74603390745427, 13.21396609254573], "confidence_interval_lenght": 2.2339660925457294, "number_of_simulation": 50}