{"estimate": 11.28, "confidence_interval": [7.886863948768195, 14.673136051231804], "confidence_interval_lenght": 3.3931360512318047, "number_of_simulation": 50}